Hoshoryu,Y1e
Onosato,O1e,Kotozakura,O1w
Wakatakakage,S1e,Kirishima,S1w
Daieisho,S2e,,
Oshoma,K1e,Aonishiki,K1w
Wakamotoharu,M1e,Oho,M1w
Onokatsu,M2e,Abi,M2w
Takayasu,M3e,Kinbozan,M3w
Hakuoho,M4e,Tamawashi,M4w
Hiradoumi,M5e,Meisei,M5w
Takerufuji,M6e,Tobizaru,M6w
Kusano,M7e,Endo,M7w
Sadanoumi,M8e,Gonoyama,M8w
Ichiyamamoto,M9e,Ura,M9w
Atamifuji,M10e,Roga,M10w
Takanosho,M11e,Tokihayate,M11w
Asakoryu,M12e,Midorifuji,M12w
Chiyoshoma,M13e,Shodai,M13w
Wakaikari,M14e,Churanoumi,M14w
Hidenoumi,M15e,Kotoshoho,M15w
Mitakeumi,M16e,Kayo,M16w
Kotoeiho,M17e,Shishi,M17w
Tomokaze,J1e,Nishikigi,J1w
Ryuden,J2e,Shonannoumi,J2w
Oshoumi,J3e,Tamashoho,J3w
Tohakuryu,J4e,Shirokuma,J4w
Hakuyozan,J5e,Kagayaki,J5w
Tochitaikai,J6e,Hitoshi,J6w
Kazekeno,J7e,Daiseizan,J7w
Takarafuji,J8e,Fujiseiun,J8w
Nishikifuji,J9e,Mitoryu,J9w
Nabatame,J10e,Tsurugisho,J10w
Shiden,J11e,Mita,J11w
Shimanoumi,J12e,Hatsuyama,J12w
Miyanokaze,J13e,Daiamami,J13w
Kyokukaiyu,J14e,Kitanowaka,J14w
Mudoho,J15e,Wakanosho,J15w
Ishizaki,J16e,Dewanoryu,J16w
Akua,J17e,Otsuji,J17w
Oshoryu,J18e,Asahakuryu,J18w
Satorufuji,J19e,Kotokuzan,J19w
Tochimusashi,J20e,Nishinoryu,J20w
Inami,J21e,Takakento,J21w
Asanoyama,J22e,Hananoumi,J22w
Hamayutaka,J23e,Hokutofuji,J23w
Daishoho,J24e,Enho,J24w
Chiyomaru,J25e,Gojinyu,J25w
Kiryuko,J26e,Toseiryu,J26w
Nobehara,J27e,Narutaki,J27w
Tochimaru,J28e,Chiyotora,J28w
Tendozan,J29e,Okaryu,J29w
Hokutomaru,J30e,Kamito,J30w
Anosho,J31e,Kazuto,J31w
Fujinoyama,J32e,Kitaharima,J32w
Matsui,J33e,Kaiseijo,J33w
Nagamura,J34e,Kazenoumi,J34w
Obara,J35e,Kawazoe,J35w
Goshima,J36e,Tenshoho,J36w
Kaisho,J37e,Asakoki,J37w
Fukai,J38e,Yuma,J38w
Tanji,J39e,Hinataryu,J39w
Asonoyama,J40e,Seihakuho,J40w
Tsushimanada,J41e,Awanokuni,J41w
Asashiyu,J42e,Oyamatoumi,J42w
Mikazuchiyama,J43e,Toshunryu,J43w
Daikosho,J44e,Haruyama,J44w
Yoshii,J45e,Tosamidori,J45w
Daiyusho,J46e,Aratakayama,J46w
Kitadaichi,J47e,Fujitoshi,J47w
Fukuzaki,J48e,Daishomaru,J48w
Daishoryu,J49e,Higonoumi,J49w
Hokutenkai,J50e,Sengaku,J50w
Mishima,J51e,Shohoryu,J51w
Kurohimeyama,J52e,Hayatefuji,J52w
Osanai,J53e,Oyamada,J53w
Noda,J54e,Kotodaigo,J54w
Chiyooga,J55e,Shiroma,J55w
Tokitenran,J56e,Shimazuumi,J56w
Kotokenryu,J57e,Kotodaishin,J57w
Shunrai,J58e,Ikarigata,J58w
Tochikodai,J59e,Goseizan,J59w
Daishinkai,J60e,Chiyonoo,J60w
Ryusei,J61e,Bushozan,J61w
Yoshiyasu,J62e,Wakamiyabi,J62w
Shuji,J63e,Asagyokusei,J63w
Suzaki,J64e,Yago,J64w
Ienoshima,J65e,Kototsubasa,J65w
Akiyoshi,J66e,Daimasakari,J66w
Tokunomusashi,J67e,Hoshuzan,J67w
Aron,J68e,Tsurubayashi,J68w
Oka,J69e,Dewataikai,J69w
Gyotoku,J70e,Sazanami,J70w
Nionoumi,J71e,Tochiseiryu,J71w
Murayama,J72e,Kawamura,J72w
Yutakasho,J73e,Urayama,J73w
Hakuonada,J74e,Hanaoka,J74w
Kirinryu,J75e,Gyokuozan,J75w
Wakatakamoto,J76e,,
